Name,Phone,Website
Arizona Small Business Development Center Network %28Lead Center%2FState Admin Office%29,(480) 731-8200,https://arizonasbdc.com/
Trainual,(480) 731-8200,https://www.trainual.com/
The Blau Company,(480) 731-8200,http://blauco.com/
Tempe Sister Cities,(480) 731-8200,http://www.tempesistercities.org/
P%26G Business Solutions,(480) 731-8200,http://www.portillo-gomez.com/
Reconciled,(480) 731-8200,https://reconciled.com/
Tempe Chamber of Commerce,(480) 731-8200,http://www.tempechamber.org/
Industrious,(480) 731-8200,https://www.industriousoffice.com/locations/222-south-mill-avenue-suite-800?utm_source=google&utm_medium=organic-search&utm_campaign=local-google&utm_term=TMP0222MIL&utm_content=local-listing&ind_channel=organic&ind_ls=organic-search
LifeLock Business Solutions,(480) 731-8200,https://www.lifelockbusinesssolutions.com/contact-lifelock/
acceler8 llc CPA,(480) 731-8200,http://www.acceler8.net/
Pivot Solutions Accounting %26 Tax,(480) 731-8200,https://pivot-solutions.com/
Alembic Computer Services,(480) 731-8200,https://alembiccomputerservices.com/
Launch Business Solutions %7C Creative Agency,(480) 731-8200,http://www.launchbusinesssolutions.com/
LifeLock Business Solutions,(480) 731-8200,https://www.lifelockbusinesssolutions.com/contact-lifelock/
Industrious,(480) 731-8200,https://www.industriousoffice.com/locations/222-south-mill-avenue-suite-800?utm_source=google&utm_medium=organic-search&utm_campaign=local-google&utm_term=TMP0222MIL&utm_content=local-listing&ind_channel=organic&ind_ls=organic-search
Tempe Economic Development,(480) 731-8200,https://www.tempe.gov/government/economic-development
Reconciled,(480) 731-8200,https://reconciled.com/
Mill Towne Center- Tempe Business Center,(480) 731-8200,http://www.milltownecenter.com/
FASTSIGNS of Tempe%2FSoutheast Phoenix,(480) 731-8200,https://www.fastsigns.com/tempe-az/
Cobb CPA,(480) 731-8200,http://www.cobbcpa.com/
Cortes CPA PLC,(480) 731-8200,http://www.cortescpa.com/
Executech - Tempe Managed IT Services,(480) 731-8200,https://www.executech.com/managed-it-services-tempe/
One Stop Mail,(480) 731-8200,https://onestopmail.com/?UTM_source=GMB_listing&UTM_medium=organic
Cactus Sports,(480) 731-8200,http://cactussports.com/
Padgett Business Services,(480) 731-8200,https://www.padgettbusinessservices.com/tempe/
Menlo Group,(480) 731-8200,http://www.menlocre.com/
Alembic Computer Services,(480) 731-8200,https://alembiccomputerservices.com/
Pivot Solutions Accounting %26 Tax,(480) 731-8200,https://pivot-solutions.com/
Landings Credit Union - Tempe %28Main%29 Branch,(480) 731-8200,http://www.landingscu.org/
Sweet Repeats Clothing Consignment - Tempe,(480) 731-8200,https://www.sweetrepeatsmesa.com/
Stone Canyon Law,(480) 731-8200,http://stonecanyonlaw.com/
UMail Plus,(480) 731-8200,http://www.umailplus.com/
Building Bridges Business Solutions,(480) 731-8200,http://bbb-solutions.com/
Salterra Web Services,(480) 731-8200,https://salterrasite.com/?utm_source=google&utm_medium=organic&utm_campaign=gmb-listing
GB Tax CPA LLC %2F Gwennet Bui CPA,(480) 731-8200,http://www.gbtaxhelp.com/
Desert Path Marketing Group,(480) 731-8200,http://www.desertpathmarketing.com/
The Reviews %26 Messaging Platform For Local Business,(480) 731-8200,https://enputmedia.com/contact-5782
Junior Achievement of Arizona,(480) 731-8200,http://www.jaaz.org/
Master Accounting and Tax Service,(480) 731-8200,https://masteracct.com/
Arizona Tax Advisors,(480) 731-8200,http://www.arizonataxadvisors.com/
Brentwood Law Group,(480) 731-8200,http://www.brentwoodlg.com/
Tempetoesss Sneakers,(480) 731-8200,https://tempetoes.com/
Hownd,(480) 731-8200,https://hownd.com/
Sims Business Systems,(480) 731-8200,https://www.getsims.com/contact/
Professional Tax %26 Accounting,(480) 731-8200,http://protaxaz.com/
Matheny %26 Company,(480) 731-8200,http://www.mathenytax.com/
