Name,Phone
Canyon Welding %26 Fabrication,(520) 909-9715
Casey%27s Iron Fabrication %26 Mobile Repair,(520) 909-9715
A Speed Repair,(520) 909-9715
Greg%27s Mobile Welding,(520) 909-9715
Ornamental Welders Hardware Inc.,(520) 909-9715
Arizona Design Welding,(520) 909-9715
Weldtek Incorporated,(520) 909-9715
We Go Welding Co,(520) 909-9715
HIGH HEAT welding %26 fabrication,(520) 909-9715
A-1 Fab Inc,(520) 909-9715
We-Go Welding Co,(520) 909-9715
Addis Welding %26 Fabrication,(520) 909-9715
Ramon M. - Welding,(520) 909-9715
FDR Welding LLC,(520) 909-9715
Laz Welding Service,(520) 909-9715
New Fab Welding %26 Fabrication,(520) 909-9715
Number 5 Iron LLC,(520) 909-9715
Western Drawn Products,(520) 909-9715
Ornamental lron %26 Welding,(520) 909-9715
D%26J Welding %26 Repair,(520) 909-9715
Arizona Precision Welding-Fab,(520) 909-9715
Artworks Arizona Welding Specs,(520) 909-9715
Artec Welding %26 Fabrication,(520) 909-9715
Catalina Welding LLC,(520) 909-9715
Linson%27s Portable Welding,(520) 909-9715
B %26 A wrought iron,(520) 909-9715
Bob Hagan Welding,(520) 909-9715
Metal Tec Fabrications,(520) 909-9715
A %26 B Welding,(520) 909-9715
Marron Welding,(520) 909-9715
Elite Welding %26 Custom Fabrications,(520) 909-9715
Pacheco%27s Iron and Metal Work - Iron Work,(520) 909-9715
Welding Tucson,(520) 909-9715
Zeke Welding %26 Repairs,(520) 909-9715
Affordable Welding Service,(520) 909-9715
Tailored Steel by E%26S Developments,(520) 909-9715
